sample_no,accel_x,accel_y,accel_z,gyro_x,gyro_y,gyro_z
0,-0.8881836,0.19940186,-0.4175415,6.453125,-16.21875,5.21875
1,-0.84521484,0.1774292,-0.3682251,13.546875,-18.890625,5.0625
2,-0.86865234,0.17962646,-0.52960205,12.21875,-16.734375,3.96875
3,-0.8696289,0.1852417,-0.548645,8.53125,-12.34375,3.25
4,-0.8378906,0.2086792,-0.55792236,8.125,-3.15625,3.609375
5,-0.85791016,0.19207764,-0.53009033,6.015625,-1.390625,3.390625
6,-0.8540039,0.19110107,-0.5249634,1.625,2.578125,3.109375
7,-0.8532715,0.2020874,-0.47955322,2.140625,5.09375,2.375
8,-0.8569336,0.13616943,-0.70391846,-3.796875,15.765625,-0.578125
9,-0.80908203,0.094177246,-0.59552,-26.0,40.484375,-0.125
10,-0.78222656,0.17303467,-0.16241455,-20.421875,41.375,-11.4375
11,-1.1020508,0.50115967,-0.28790283,-9.984375,0.53125,-20.953125
12,-0.95581055,0.19940186,-0.22564697,7.25,-25.46875,22.515625
13,-0.84399414,0.13861084,-0.44952393,13.75,-30.328125,4.953125
14,-0.70825195,0.09173584,-0.4854126,8.34375,-0.578125,-1.265625
15,-0.85058594,0.16253662,-0.46343994,4.03125,1.0625,-3.15625
16,-0.954834,0.22479248,-0.53375244,-5.203125,4.609375,-3.578125
17,-0.8955078,0.15008545,-0.52008057,-17.609375,-4.84375,1.953125
18,-0.8989258,0.21990967,-0.38238525,-5.171875,40.890625,-10.515625
19,-0.9926758,0.25482178,-0.4776001,0.421875,-12.78125,3.921875
20,-0.8833008,0.14276123,-0.36553955,-5.25,-29.78125,14.53125
21,-0.8642578,0.11663818,-0.4644165,8.5,-13.875,0.640625
22,-0.84033203,0.14276123,-0.45635986,3.234375,-6.953125,1.59375
23,-0.87890625,0.17181396,-0.5029907,1.6875,3.25,-3.015625
24,-0.8911133,0.17938232,-0.49102783,-2.75,8.203125,-2.703125
25,-0.8979492,0.17645264,-0.44561768,-10.875,11.171875,-1.03125
26,-0.91674805,0.17645264,-0.5112915,0.96875,45.5,-10.203125
27,-1.0405273,0.30682373,-0.440979,4.78125,-10.0,1.546875
28,-0.8835449,0.13323975,-0.31988525,-1.046875,-29.015625,13.65625
29,-0.8408203,0.14398193,-0.40899658,9.375,-29.6875,4.359375
30,-0.83251953,0.13153076,-0.43951416,3.09375,-16.921875,-1.84375
31,-0.9082031,0.1798706,-0.44952393,7.390625,-7.21875,-0.421875
32,-0.86376953,0.19866943,-0.49371338,7.453125,-5.984375,-0.609375
33,-0.88256836,0.20062256,-0.5310669,3.015625,-4.890625,3.203125
34,-0.890625,0.19281006,-0.5027466,5.0,-5.84375,3.75
35,-0.84277344,0.17889404,-0.4805298,3.0,-4.8125,3.765625
36,-0.84277344,0.17474365,-0.5171509,2.96875,-0.203125,4.109375
37,-0.85375977,0.19744873,-0.47198486,7.546875,-1.765625,3.515625
38,-0.8469238,0.15423584,-0.47296143,5.171875,-1.96875,4.53125
39,-0.8713379,0.18548584,-0.4907837,4.265625,-2.796875,3.578125
40,-0.8894043,0.19671631,-0.49420166,5.390625,-3.484375,2.546875
41,-0.8635254,0.16571045,-0.55841064,-1.265625,0.1875,1.890625
42,-0.875,0.16986084,-0.55352783,-6.765625,22.546875,0.53125
43,-0.8886719,0.168396,-0.4644165,-11.078125,26.28125,-0.90625
44,-0.8835449,0.16741943,-0.3982544,-14.453125,3.03125,2.546875
45,-0.8835449,0.16937256,-0.3574829,-2.34375,24.46875,-2.1875
46,-0.93359375,0.2020874,-0.35699463,-3.09375,4.734375,-2.625
47,-0.9104004,0.15740967,-0.40631104,-2.71875,-5.953125,1.515625
48,-0.8937988,0.10858154,-0.46929932,-6.671875,3.0,0.78125
49,-0.8676758,0.07733154,-0.5210571,-20.0625,13.390625,-5.46875
50,-0.9753418,0.2399292,-0.1963501,-31.96875,3.25,-13.125
51,-1.0087891,0.28533936,-0.32696533,-2.984375,-2.0,-5.046875
52,-0.9187012,0.17889404,-0.32086182,6.828125,-17.515625,9.484375
53,-0.8376465,0.10467529,-0.3711548,14.609375,-30.71875,8.703125
54,-0.83374023,0.10809326,-0.44903564,13.28125,-10.890625,1.90625
55,-0.9160156,0.1696167,-0.45440674,8.140625,-9.421875,0.78125
56,-0.9123535,0.1696167,-0.48858643,7.28125,-6.203125,-0.90625
57,-0.88793945,0.16375732,-0.57818604,7.703125,-8.90625,0.0625
58,-0.87719727,0.18157959,-0.47906494,1.5625,-2.125,2.109375
59,-0.85253906,0.1696167,-0.49517822,4.59375,-0.09375,0.90625
60,-0.8378906,0.14520264,-0.4656372,1.390625,-1.109375,0.890625
61,-0.8640137,0.168396,-0.46173096,2.140625,-2.046875,0.046875
62,-0.8671875,0.16815186,-0.48565674,0.203125,-1.015625,1.328125
63,-0.8803711,0.16595459,-0.5083618,-3.328125,2.046875,1.140625
64,-0.8725586,0.16448975,-0.48590088,-5.9375,7.8125,0.96875
65,-0.8852539,0.14886475,-0.4727173,-7.53125,8.265625,-0.65625
66,-0.9042969,0.15960693,-0.458313,-6.796875,9.421875,-0.1875
67,-0.89331055,0.16375732,-0.4216919,-2.75,14.046875,-0.53125
68,-0.88305664,0.15985107,-0.4192505,2.0625,7.421875,-1.6875
69,-0.8955078,0.13519287,-0.5249634,-12.5,6.734375,5.359375
70,-0.8342285,0.05316162,-0.2571411,-18.203125,21.828125,-3.796875
71,-0.9873047,0.23504639,-0.4356079,-20.390625,7.1875,-12.0
72,-0.92993164,0.17596436,-0.27227783,-5.8125,6.203125,0.328125
73,-0.9448242,0.1749878,-0.31402588,7.140625,-7.625,0.3125
74,-0.9067383,0.18035889,-0.3399048,12.78125,-15.28125,4.296875
75,-0.86743164,0.11444092,-0.3652954,13.0,-17.734375,2.859375
76,-0.9182129,0.13812256,-0.44952393,8.0,-12.078125,0.015625
77,-0.9255371,0.1720581,-0.4746704,4.328125,-5.125,0.6875
78,-0.90478516,0.16326904,-0.5327759,1.640625,-0.671875,0.53125
79,-0.88256836,0.14007568,-0.4492798,-6.09375,14.4375,-0.265625
80,-0.8977051,0.1395874,-0.35479736,-6.640625,15.421875,-3.609375
81,-0.94262695,0.17132568,-0.4024048,-10.1875,17.984375,-4.109375
82,-0.9223633,0.19622803,-0.30303955,-11.125,6.828125,-2.78125
83,-0.94555664,0.1486206,-0.3015747,-1.9375,13.609375,-2.40625
84,-0.90600586,0.17889404,-0.31939697,-2.28125,-4.203125,-0.234375
85,-0.95214844,0.15179443,-0.33477783,-0.1875,-4.3125,-5.21875
86,-0.9433594,0.18743896,-0.38287354,1.78125,-10.28125,-4.609375
87,-0.9304199,0.16229248,-0.409729,-5.890625,9.546875,-3.703125
88,-0.8911133,0.09710693,-0.4048462,-22.40625,7.25,-5.375
89,-0.90063477,0.1329956,-0.44561768,-30.96875,-7.078125,-0.09375
90,-1.0029297,0.28607178,-0.08331299,-2.734375,2.09375,-0.921875
91,-0.95703125,0.15252686,-0.35943604,7.09375,-12.140625,7.859375
92,-0.94433594,0.18109131,-0.34259033,15.578125,-14.671875,10.9375
93,-0.8522949,0.06390381,-0.46270752,-3.21875,-8.09375,0.3125
94,-0.93237305,0.12957764,-0.40582275,-3.25,1.015625,-2.984375
95,-0.9069824,0.15594482,-0.38165283,-8.640625,-4.125,0.015625
96,-0.89160156,0.16253662,-0.3850708,5.734375,14.265625,-2.046875
97,-0.97216797,0.17889404,-0.43048096,4.234375,-3.609375,-0.640625
98,-0.9370117,0.2345581,-0.31402588,9.953125,-6.96875,14.1875
99,-0.8886719,0.12322998,-0.28033447,6.640625,-29.84375,4.890625
100,-0.92749023,0.18109131,-0.409729,12.890625,-5.9375,0.90625
101,-0.8852539,0.15570068,-0.4216919,12.265625,-4.765625,2.171875
102,-0.95214844,0.18670654,-0.45196533,9.921875,-5.9375,1.5625
103,-0.9091797,0.18255615,-0.42340088,10.390625,8.421875,2.5625
104,-0.88793945,0.117126465,-0.42852783,7.0,9.265625,1.0625
105,-0.9160156,0.1642456,-0.38848877,-2.234375,6.984375,0.859375
106,-0.9003906,0.16375732,-0.35113525,-1.21875,5.484375,1.171875
107,-0.91845703,0.18206787,-0.37213135,0.546875,-0.96875,1.96875
108,-0.92871094,0.16229248,-0.40802002,-0.578125,-0.796875,1.71875
109,-0.9526367,0.17010498,-0.3718872,-0.703125,6.140625,-1.140625
110,-0.9343262,0.16351318,-0.35064697,-3.484375,3.484375,-0.625
111,-0.921875,0.16351318,-0.32965088,-1.546875,1.578125,-1.9375
112,-0.93115234,0.16595459,-0.42095947,-6.921875,-2.578125,-1.609375
113,-0.8688965,0.07659912,-0.5249634,-23.796875,4.515625,-0.6875
114,-0.8059082,0.1083374,-0.4644165,-12.046875,13.546875,10.28125
115,-1.1279297,0.36688232,-0.2727661,11.171875,-5.078125,-11.5
116,-0.9746094,0.21063232,-0.20806885,12.046875,0.046875,6.3125
117,-0.9145508,0.16278076,-0.25323486,-4.5625,-28.96875,6.984375
118,-0.8684082,0.113220215,-0.5227661,-1.71875,0.625,-3.546875
119,-0.8984375,0.13787842,-0.34136963,3.09375,1.125,-3.03125
120,-0.9057617,0.1005249,-0.52056885,-9.703125,1.015625,-3.578125
121,-0.73999023,0.0048217773,-0.5689087,-13.984375,20.796875,-8.359375
122,-1.2770996,0.4923706,0.15765381,-1.65625,0.09375,-7.609375
123,-1.0871582,0.3312378,-0.3255005,7.890625,-33.359375,28.671875
124,-0.90063477,-0.109680176,-0.33917236,7.21875,-7.421875,0.9375
125,-0.81762695,0.07171631,-0.6724243,20.109375,-0.09375,0.109375
126,-0.91137695,0.1317749,-0.4204712,5.0625,3.078125,-3.765625
127,-0.93188477,0.1329956,-0.50177,-3.984375,5.234375,-2.828125
128,-0.8342285,-6.1035156e-05,-0.5874634,-27.359375,25.65625,-6.015625
129,-0.8886719,0.17547607,0.01751709,-22.828125,-6.875,-4.921875
130,-0.9675293,0.20233154,-0.3555298,4.9375,-18.765625,11.359375
131,-0.95166016,0.11395264,-0.21490479,19.75,-12.671875,13.1875
132,-0.76342773,0.039001465,-0.5918579,-8.21875,-10.328125,-6.484375
133,-0.9226074,0.14447021,-0.3513794,2.296875,9.703125,-7.015625
134,-0.92871094,0.15130615,-0.42315674,-3.09375,-2.515625,-1.203125
135,-0.9243164,0.12249756,-0.47442627,-14.3125,0.8125,0.8125
136,-0.9851074,0.215271,-0.113586426,-3.828125,3.84375,2.390625
137,-0.9506836,0.18231201,-0.44976807,1.890625,-6.0625,-0.890625
138,-0.9289551,0.16278076,-0.31378174,-0.296875,-2.359375,4.5625
139,-0.88183594,0.09710693,-0.41583252,2.515625,-15.828125,-1.765625
140,-0.9272461,0.17010498,-0.38458252,3.046875,-3.0625,0.140625
141,-0.89819336,0.14569092,-0.32281494,8.546875,-2.625,1.84375
142,-0.8911133,0.12713623,-0.45587158,7.84375,-5.109375,0.390625
143,-0.9206543,0.15032959,-0.45758057,5.890625,-4.6875,0.90625
144,-0.920166,0.168396,-0.4212036,8.671875,-3.625,2.890625
145,-0.91430664,0.14813232,-0.47003174,-0.6875,-6.53125,2.6875
146,-0.9050293,0.14959717,-0.427063,0.265625,-4.484375,0.8125
147,-0.8833008,0.15325928,-0.4072876,-1.25,0.625,2.203125
148,-0.9091797,0.15667725,-0.40777588,0.140625,4.8125,-0.140625
149,-0.92163086,0.15765381,-0.47955322,-2.140625,3.953125,1.4375
150,-0.89208984,0.11590576,-0.41827393,-4.75,11.328125,-0.015625
151,-0.9289551,0.15032959,-0.38824463,-3.265625,12.625,-1.875
152,-0.9094238,0.120788574,-0.46539307,-13.046875,24.25,1.34375
153,-0.88134766,0.013122559,-0.49273682,-3.890625,38.140625,-4.921875
154,-1.0476074,0.4381714,-0.031066895,-16.84375,-8.9375,-13.15625
155,-1.0500488,0.18865967,-0.18145752,1.234375,1.296875,2.203125
156,-0.9128418,0.1239624,-0.31036377,7.609375,-19.59375,2.84375
157,-0.9592285,0.18450928,-0.3501587,2.953125,-11.796875,8.90625
158,-0.88720703,0.07733154,-0.315979,1.078125,-17.328125,3.96875
159,-0.8581543,0.120788574,-0.3526001,7.515625,-8.03125,-2.0
160,-0.9499512,0.1293335,-0.47735596,1.125,-7.734375,-2.453125
161,-0.9433594,0.1593628,-0.44049072,3.796875,-6.4375,0.078125
162,-0.90283203,0.15594482,-0.4673462,6.796875,-4.765625,2.265625
163,-0.9157715,0.13616943,-0.4204712,2.34375,2.9375,1.71875
164,-0.9121094,0.13397217,-0.40264893,0.71875,5.171875,0.734375
165,-0.8972168,0.13079834,-0.35601807,-1.546875,6.4375,1.125
166,-0.91503906,0.1473999,-0.36236572,-0.28125,5.296875,-0.78125
167,-0.94433594,0.14666748,-0.43902588,-3.484375,6.375,0.234375
168,-0.92749023,0.105163574,-0.46514893,-11.34375,17.671875,-0.984375
169,-0.9296875,0.055114746,-0.48712158,-22.171875,44.734375,-8.625
170,-0.7355957,0.13616943,-0.09893799,-30.4375,-18.171875,3.3125
171,-1.1750488,0.2819214,-0.34576416,9.203125,0.796875,-2.3125
172,-1.0253906,0.23724365,-0.13995361,29.265625,4.6875,9.515625
173,-0.9135742,0.06317139,-0.32183838,36.203125,-14.84375,5.640625
174,-0.8149414,0.038757324,-0.57476807,-1.125,-11.40625,1.453125
175,-0.9421387,0.13372803,-0.3550415,-0.546875,-10.65625,-2.9375
176,-0.96240234,0.16619873,-0.3694458,-2.484375,-5.578125,-4.359375
177,-0.9038086,0.06317139,-0.45440674,-20.59375,8.453125,-2.875
178,-0.96606445,0.24676514,-0.21539307,-21.109375,7.0,-12.546875
179,-1.0612793,0.27264404,-0.43389893,0.765625,-14.03125,8.734375
180,-0.9448242,0.11053467,-0.22979736,17.828125,-8.421875,13.984375
181,-0.93603516,0.054138184,-0.33721924,-17.75,-20.34375,0.359375
182,-0.8466797,0.113464355,-0.37091064,6.265625,-11.453125,-3.640625
183,-0.8696289,0.1486206,-0.37823486,7.53125,-6.25,-5.71875
184,-0.9416504,0.1864624,-0.4216919,5.84375,-10.578125,-1.453125
185,-0.904541,0.16082764,-0.47857666,5.3125,-3.484375,-0.421875
186,-0.9289551,0.1720581,-0.43145752,2.546875,-1.859375,2.765625
187,-0.91967773,0.15911865,-0.40142822,1.484375,-1.796875,1.203125
188,-0.9121094,0.15472412,-0.4031372,2.125,-3.1875,0.125
189,-0.89819336,0.15228271,-0.3904419,3.09375,-1.53125,0.046875
190,-0.89575195,0.17156982,-0.36383057,3.703125,-2.265625,1.265625
191,-0.9152832,0.14764404,-0.4290161,-0.328125,-2.71875,0.640625
192,-0.939209,0.18865967,-0.38116455,2.890625,-4.609375,1.96875
193,-0.8979492,0.15863037,-0.43023682,2.203125,-4.1875,1.953125
194,-0.90356445,0.16546631,-0.42095947,0.4375,-3.9375,1.90625
195,-0.90283203,0.15863037,-0.43389893,0.265625,0.546875,1.703125
196,-0.91308594,0.16571045,-0.39678955,0.09375,0.84375,1.453125
197,-0.89819336,0.15179443,-0.4121704,-0.609375,-1.15625,0.546875
198,-0.89331055,0.1539917,-0.3977661,-0.65625,-1.84375,-0.234375
199,-0.9140625,0.16278076,-0.43243408,-2.5625,3.265625,-0.734375
200,-0.92456055,0.15814209,-0.43145752,-1.90625,8.109375,-1.375
201,-0.8984375,0.14984131,-0.42340088,-4.578125,8.765625,-4.390625
202,-0.89331055,0.17449951,-0.51812744,-9.8125,22.578125,-3.84375
203,-0.83032227,0.08392334,-0.39508057,-22.734375,25.4375,-2.6875
204,-0.89990234,0.18597412,-0.14483643,-42.984375,-22.328125,-1.4375
205,-1.0981445,0.309021,-0.15020752,-11.25,-4.0,-4.15625
206,-0.96533203,0.20819092,-0.28424072,10.375,-7.5,5.34375
207,-0.9577637,0.16131592,-0.3196411,6.859375,-15.59375,11.546875
208,-0.91552734,0.17327881,-0.33966064,11.03125,-3.484375,5.34375
209,-0.8317871,0.070007324,-0.46051025,9.21875,-9.5,4.640625
210,-0.9584961,0.10784912,-0.54644775,6.234375,-4.28125,-2.453125
211,-0.9230957,0.121276855,-0.4649048,-4.46875,6.125,-1.640625
212,-0.87768555,0.11541748,-0.48345947,-14.921875,15.796875,-5.25
213,-0.7375488,0.034362793,-0.64190674,4.75,40.6875,-9.6875
214,-1.1079102,0.39569092,0.14154053,9.0625,-11.953125,5.21875
215,-1.0727539,0.20452881,-0.27496338,28.203125,-1.921875,14.4375
216,-0.88500977,0.097351074,-0.3706665,52.921875,2.5625,10.71875
217,-0.7578125,-0.018127441,-0.4890747,-6.375,0.75,-4.28125
218,-0.9411621,0.13543701,-0.3262329,-15.25,-0.6875,-5.5625
219,-0.95214844,0.13104248,-0.44171143,-19.875,-7.109375,-5.0625
220,-1.0073242,0.2333374,-0.25616455,-13.46875,-8.3125,-2.96875
221,-0.9897461,0.16644287,-0.3135376,15.09375,-13.234375,1.828125
222,-0.9355469,0.17474365,-0.331604,1.59375,-16.3125,6.375
223,-0.89575195,0.09613037,-0.4998169,2.46875,-15.546875,2.609375
224,-0.9033203,0.13983154,-0.43707275,3.53125,1.515625,-2.265625
225,-0.90063477,0.14471436,-0.42388916,-2.1875,4.046875,-0.875
226,-0.91308594,0.11907959,-0.4824829,-16.0,4.46875,-0.890625
227,-0.9411621,0.18450928,-0.2715454,-14.15625,9.75,-1.890625
228,-1.0048828,0.19598389,-0.37677002,2.796875,-5.328125,1.625
229,-0.93652344,0.14031982,-0.3291626,5.3125,-6.578125,5.96875
230,-0.9367676,0.14349365,-0.35235596,2.3125,-3.578125,3.765625
231,-0.8720703,0.11419678,-0.41485596,2.78125,-4.953125,-0.75
232,-0.8984375,0.14788818,-0.3665161,6.96875,-3.171875,0.0625
233,-0.9301758,0.14935303,-0.3916626,8.15625,-6.09375,1.75
234,-0.90893555,0.13323975,-0.40631104,9.3125,-10.734375,1.921875
235,-0.9182129,0.16815186,-0.38238525,7.265625,-9.234375,1.25
236,-0.9211426,0.14105225,-0.5076294,0.578125,-5.734375,-0.03125
237,-0.90283203,0.14544678,-0.42315674,1.40625,1.046875,1.46875
238,-0.88549805,0.14007568,-0.40679932,0.625,-0.46875,2.34375
239,-0.8898926,0.14447021,-0.41070557,2.28125,-2.28125,1.140625
240,-0.9165039,0.14984131,-0.41851807,-0.125,-1.171875,0.8125
241,-0.9094238,0.1449585,-0.4265747,0.46875,-1.390625,1.296875
242,-0.9211426,0.1515503,-0.46221924,-0.03125,2.9375,1.53125
243,-0.90112305,0.1383667,-0.3670044,0.796875,2.0,0.984375
244,-0.9135742,0.14642334,-0.42193604,-2.84375,3.765625,1.09375
245,-0.91308594,0.14544678,-0.39093018,-3.515625,1.421875,0.96875
246,-0.8947754,0.13006592,-0.40826416,-4.5,-0.03125,0.984375
247,-0.89941406,0.097839355,-0.49664307,-5.015625,3.90625,-4.296875
248,-0.86206055,0.11785889,-0.41680908,-16.828125,21.421875,-5.578125
249,-0.892334,0.051696777,-0.34283447,-35.90625,5.046875,-9.96875
250,-1.0827637,0.33465576,-0.40753174,-17.46875,9.015625,-14.984375
251,-1.0185547,0.2423706,-0.23443604,-4.703125,-3.375,-4.109375
252,-0.9321289,0.17401123,-0.36846924,0.140625,-10.953125,2.65625
253,-0.89501953,0.11663818,-0.34136963,2.90625,-14.09375,1.765625
254,-0.8901367,0.14910889,-0.40679932,2.078125,-17.703125,-0.421875
255,-0.9387207,0.14764404,-0.37139893,-0.203125,4.84375,-0.390625
256,-0.93359375,0.13665771,-0.38482666,-0.703125,3.640625,-0.046875
257,-0.9506836,0.1395874,-0.40264893,0.578125,7.96875,0.375
258,-0.935791,0.098083496,-0.44000244,0.765625,11.625,-2.40625
259,-0.8911133,0.093688965,-0.4121704,-14.5625,13.015625,-4.984375
260,-0.78466797,0.027282715,-0.39312744,-22.78125,7.609375,1.484375
261,-1.104248,0.3287964,-0.023498535,-17.9375,-27.546875,2.5
262,-1.0153809,0.24212646,-0.315979,10.046875,-3.734375,7.484375
263,-0.96899414,0.15692139,-0.237854,25.203125,2.6875,6.25
264,-0.8774414,0.05218506,-0.45977783,8.40625,-18.640625,-2.15625
265,-0.89282227,0.09222412,-0.41290283,-0.78125,6.21875,-4.3125
266,-0.9453125,0.12664795,-0.3916626,-6.671875,1.40625,-5.734375
267,-1.0090332,0.20648193,-0.36114502,-11.546875,-12.0625,0.0
268,-0.9536133,0.16888428,-0.21246338,2.34375,-7.453125,8.5625
269,-0.953125,0.13739014,-0.3508911,0.15625,-30.3125,13.140625
270,-0.92529297,0.14691162,-0.43536377,14.328125,-13.8125,10.90625
271,-0.7861328,-0.08258057,-0.46759033,10.1875,1.265625,0.21875
272,-0.9343262,0.10614014,-0.4631958,0.234375,5.125,-1.875
273,-0.9121094,0.08660889,-0.43927002,-5.703125,8.828125,-3.1875
274,-0.91796875,0.12689209,-0.40826416,-12.265625,9.109375,-3.90625
275,-0.9267578,0.057556152,-0.40264893,-13.8125,15.140625,-2.296875
276,-0.9555664,0.18548584,-0.1428833,-16.6875,-9.625,-2.4375
277,-1.0114746,0.13861084,-0.41412354,1.265625,-22.46875,10.40625
278,-0.939209,0.1317749,-0.24346924,15.296875,-11.1875,10.0625
279,-0.8449707,0.0006713867,-0.4373169,7.109375,-11.265625,0.765625
280,-0.9343262,0.08905029,-0.35699463,-3.828125,-4.03125,-3.03125
281,-0.8991699,0.10638428,-0.43463135,-4.078125,-4.421875,-3.296875
282,-0.92211914,0.11468506,-0.44366455,0.65625,-3.796875,-1.53125
283,-0.8911133,0.121032715,-0.4282837,5.671875,-1.984375,0.265625
284,-0.8857422,0.093444824,-0.46417236,10.5,9.09375,-1.453125
285,-0.9147949,0.11395264,-0.43170166,10.484375,10.1875,1.875
286,-0.92822266,0.10491943,-0.42266846,1.15625,6.28125,1.484375
287,-0.89086914,0.089782715,-0.5432739,-1.140625,14.015625,-0.96875
288,-0.9633789,0.07928467,-0.48614502,-5.515625,24.75,-5.890625
289,-0.8635254,0.0004272461,-0.40338135,-30.09375,12.5625,-6.21875
290,-0.90966797,0.23504639,-0.15533447,-47.984375,-10.046875,-16.515625
291,-1.2878418,0.36468506,-0.13043213,7.890625,-14.75,4.140625
292,-0.96362305,0.17791748,-0.237854,22.71875,4.84375,8.796875
293,-0.85546875,0.07220459,-0.3953247,7.0,-10.015625,3.90625
294,-0.8847656,0.04168701,-0.38970947,-2.15625,2.53125,-0.65625
295,-0.9223633,0.11126709,-0.41461182,-6.5625,8.890625,-5.578125
296,-0.97094727,0.14569092,-0.3965454,-13.671875,2.53125,0.625
297,-1.0908203,0.14227295,-0.22271729,-3.546875,-1.328125,4.140625
298,-0.9616699,0.15252686,-0.25372314,11.234375,-11.015625,3.953125
299,-0.89624023,0.08734131,-0.36212158,10.625,-14.609375,4.609375
300,-0.96435547,0.10443115,-0.34625244,11.0625,-0.078125,-0.140625
301,-0.90356445,0.081726074,-0.37750244,4.796875,-3.6875,-3.28125
302,-0.92944336,0.120788574,-0.4163208,2.125,1.96875,-3.328125
303,-0.9501953,0.14251709,-0.40338135,3.921875,0.984375,-0.40625
304,-0.9411621,0.1383667,-0.38970947,3.90625,0.09375,2.265625
305,-0.9460449,0.13201904,-0.40582275,3.5625,0.03125,2.9375
306,-0.9147949,0.11834717,-0.36016846,5.34375,-0.6875,3.671875
307,-0.9008789,0.10247803,-0.38043213,5.015625,2.03125,2.921875
308,-0.9213867,0.10809326,-0.36627197,2.6875,-4.046875,2.96875
309,-0.9511719,0.13079834,-0.37799072,2.828125,-2.984375,3.125
310,-0.94433594,0.12200928,-0.38458252,1.75,0.421875,3.015625
311,-0.9448242,0.1005249,-0.3718872,0.34375,0.375,1.78125
312,-0.93530273,0.10491943,-0.35699463,0.21875,0.296875,0.859375
313,-0.9577637,0.12615967,-0.39678955,-1.765625,4.125,0.625
314,-0.9477539,0.08660889,-0.50006104,-5.25,12.75,-2.9375
315,-0.9230957,0.073913574,-0.41973877,-8.9375,21.25,-4.6875
316,-0.7988281,0.057556152,-0.06768799,-22.828125,9.375,-13.8125
317,-0.7907715,-0.014709473,-0.7373657,3.4375,15.53125,-6.71875
318,-1.1867676,0.48480225,0.15594482,-5.34375,-48.984375,14.5
319,-1.0437012,0.13519287,-0.67803955,4.140625,-16.140625,15.25
320,-0.9260254,0.09857178,-0.18048096,28.53125,4.21875,9.53125
321,-0.9355469,0.08074951,-0.46588135,-4.171875,-18.375,-0.34375
322,-0.8244629,0.062194824,-0.3743286,3.40625,-4.34375,-4.0
323,-0.90600586,0.10076904,-0.4290161,8.78125,-10.765625,-2.25
324,-0.94189453,0.13665771,-0.43414307,15.421875,-4.609375,-0.953125
325,-0.94799805,0.16278076,-0.44000244,8.5625,-0.03125,4.375
326,-0.90600586,0.117370605,-0.43389893,6.625,1.3125,3.921875
327,-0.8886719,0.09539795,-0.3977661,4.40625,-2.3125,2.125
328,-0.91748047,0.13031006,-0.35821533,3.578125,-1.890625,1.59375
329,-0.9367676,0.113464355,-0.45562744,-1.515625,0.34375,0.015625
330,-0.92041016,0.1251831,-0.44488525,0.46875,1.765625,0.9375
331,-0.92041016,0.11566162,-0.47540283,-0.75,9.25,-2.65625
332,-0.9313965,0.12054443,-0.38043213,-7.828125,18.046875,-2.28125
333,-0.9172363,0.121520996,-0.36090088,-5.703125,10.546875,-4.109375
334,-0.9033203,0.06439209,-0.4993286,-15.234375,-0.25,-3.28125
335,-0.70336914,0.039733887,-0.3093872,-5.203125,2.75,9.015625
336,-1.1313477,0.31756592,-0.30548096,-1.3125,-12.125,-7.953125
337,-0.9975586,0.15887451,-0.2642212,6.84375,1.125,7.59375
338,-0.96435547,0.12054443,-0.34161377,8.828125,-5.9375,0.84375
339,-0.7824707,0.06903076,-0.48150635,1.125,-10.765625,-5.375
340,-0.90478516,0.13372803,-0.36798096,7.046875,2.8125,-5.4375
341,-0.94799805,0.14520264,-0.41705322,2.765625,4.59375,-4.234375
342,-0.96728516,0.15814209,-0.44195557,-2.953125,-0.1875,1.109375
343,-0.8833008,0.086120605,-0.56378174,-18.296875,-0.515625,4.78125
344,-1.0385742,0.17303467,-0.006164551,3.640625,-0.078125,8.515625
345,-0.94799805,0.15008545,-0.42095947,1.09375,-10.015625,2.375
346,-0.9309082,0.12200928,-0.34503174,3.6875,1.015625,-3.96875
347,-0.90844727,0.13543701,-0.4192505,-1.09375,-6.765625,-2.96875
348,-0.9362793,0.1408081,-0.36724854,1.796875,-7.015625,-1.671875
349,-0.8991699,0.13250732,-0.40167236,-1.4375,-6.203125,0.46875
350,-0.92749023,0.11151123,-0.41119385,0.390625,-7.359375,-1.171875
351,-0.90478516,0.11859131,-0.45098877,-0.765625,-6.53125,-1.109375
352,-0.9177246,0.13543701,-0.4595337,-1.328125,-6.4375,-0.875
353,-0.920166,0.14129639,-0.4607544,-1.515625,-2.90625,-1.28125
354,-0.8864746,0.13543701,-0.42364502,-1.40625,-1.703125,-0.734375
355,-0.8964844,0.14007568,-0.4295044,0.484375,-1.890625,0.546875
356,-0.8991699,0.13250732,-0.4151001,0.734375,-1.84375,-0.1875
357,-0.8991699,0.14520264,-0.43511963,0.15625,-2.15625,0.640625
358,-0.91625977,0.11981201,-0.4944458,-2.796875,0.765625,0.0
359,-0.91625977,0.13934326,-0.45343018,-1.703125,5.71875,0.859375
360,-0.9194336,0.13543701,-0.4360962,-0.796875,10.484375,-0.25
361,-0.9055176,0.11639404,-0.5186157,-1.953125,14.9375,-0.671875
362,-0.85791016,0.08441162,-0.39263916,-13.1875,14.015625,-2.421875
363,-0.8640137,0.09857178,-0.37872314,-25.46875,13.125,-2.75
364,-0.84594727,0.062438965,-0.44854736,-38.59375,-20.359375,5.53125
365,-1.0458984,0.38641357,-0.23516846,-2.90625,-2.890625,-9.234375
366,-0.9797363,0.101989746,-0.30255127,22.03125,0.0,7.734375
367,-0.9033203,0.11419678,-0.3633423,13.75,-19.203125,4.25
368,-0.8276367,0.06707764,-0.4414673,5.515625,-7.078125,1.484375
369,-0.8208008,0.039489746,-0.53790283,6.34375,-9.515625,0.1875
370,-0.91918945,0.12225342,-0.47369385,2.0,-0.4375,-3.1875
371,-0.8979492,0.10076904,-0.5256958,-10.796875,5.203125,-2.171875
372,-0.83935547,0.09710693,-0.5510864,-16.75,25.875,-3.859375
373,-1.1584473,0.22039795,-0.13970947,-11.359375,15.0,-6.40625
374,-0.97216797,0.17523193,-0.27252197,6.546875,-4.140625,12.640625
375,-0.8964844,0.11932373,-0.30523682,10.703125,-17.96875,15.546875
376,-0.82958984,-0.011779785,-0.45220947,5.375,-10.96875,1.875
377,-0.88793945,0.07733154,-0.4553833,3.984375,0.21875,-1.859375
378,-0.95581055,0.105163574,-0.45684814,-3.0625,5.6875,-2.28125
379,-0.939209,0.09539795,-0.41436768,-14.390625,11.78125,-3.71875
380,-0.9958496,0.093688965,-0.34503174,-8.71875,0.625,1.171875
381,-1.0634766,0.14056396,-0.29986572,-0.0625,-4.484375,-0.8125
382,-0.87597656,0.07733154,-0.36920166,0.015625,-12.71875,5.0
383,-0.88623047,0.07635498,-0.35894775,6.328125,-5.1875,1.984375
384,-0.90893555,0.077819824,-0.40509033,7.3125,-4.59375,-0.125
385,-0.9277344,0.08514404,-0.4019165,7.0,-8.1875,-0.546875
386,-0.93774414,0.12689209,-0.4487915,4.0,-8.703125,0.34375
387,-0.89404297,0.08856201,-0.47296143,2.9375,-6.578125,-0.421875
388,-0.91625977,0.09637451,-0.43780518,3.671875,-1.796875,-0.125
389,-0.91381836,0.117370605,-0.4187622,4.59375,-2.734375,-0.4375
390,-0.9016113,0.11029053,-0.45343018,2.515625,-1.421875,-0.234375
391,-0.87841797,0.124694824,-0.47784424,0.453125,2.578125,1.265625
392,-0.86621094,0.07220459,-0.41534424,-1.328125,3.140625,0.859375
393,-0.9213867,0.11224365,-0.472229,2.1875,7.328125,-0.109375
394,-0.91625977,0.097595215,-0.45880127,-0.296875,9.28125,1.609375
395,-0.92944336,0.11273193,-0.4121704,-1.265625,14.421875,0.0625
396,-0.9104004,0.04901123,-0.519104,-11.125,19.015625,-0.515625
397,-0.91552734,0.07537842,-0.3579712,-19.46875,32.96875,-9.0625
398,-0.7648926,-0.07525635,-0.65289307,-36.234375,14.75,-10.265625
399,-0.8444824,0.34295654,-0.17486572,7.703125,-25.0,12.875
400,-0.98999023,0.18914795,-0.08721924,-4.140625,-17.9375,-5.0625
401,-0.9147949,0.14031982,-0.4421997,19.234375,-8.71875,5.671875
402,-0.9255371,0.07489014,-0.29034424,24.203125,-3.046875,5.015625
403,-0.939209,0.101257324,-0.35308838,8.890625,-5.34375,0.953125
404,-0.88842773,0.07366943,-0.4758911,-4.15625,-11.3125,1.421875
405,-0.94506836,0.11175537,-0.37139893,3.828125,-3.78125,-0.140625
406,-0.9255371,0.12225342,-0.37628174,2.921875,-1.28125,0.96875
407,-0.9526367,0.12615967,-0.36114502,4.25,2.953125,-0.109375
408,-0.9748535,0.12567139,-0.36065674,8.25,1.09375,0.828125
409,-0.8967285,0.09515381,-0.41534424,3.390625,-9.953125,2.09375
410,-0.90600586,0.109313965,-0.3899536,5.765625,-5.375,0.171875
411,-0.9313965,0.109313965,-0.4126587,0.890625,-3.921875,0.671875
412,-0.9172363,0.11590576,-0.41412354,-0.5625,0.015625,0.796875
413,-0.92626953,0.12005615,-0.39630127,0.734375,-0.125,2.265625
414,-0.93237305,0.11248779,-0.39483643,2.109375,-2.421875,1.296875
415,-0.91503906,0.11004639,-0.36358643,3.515625,-4.046875,2.09375
416,-0.9057617,0.109558105,-0.42608643,-0.28125,-0.046875,0.578125
417,-0.9128418,0.10491943,-0.4800415,-0.375,3.0,1.09375
418,-0.89990234,0.07220459,-0.47564697,-5.546875,25.59375,-2.9375
419,-0.9187012,0.066589355,-0.47442627,-36.421875,18.421875,0.796875
420,-0.83691406,0.016052246,-0.2949829,-36.265625,19.0,-16.796875
421,-1.203125,0.29974365,-0.19732666,-52.859375,-13.140625,-14.375
422,-1.0393066,0.21966553,-0.26324463,8.0,-7.421875,7.40625
423,-0.92211914,0.09588623,-0.22515869,17.953125,-10.5,16.5625
424,-0.9465332,0.073913574,-0.32965088,37.515625,-1.296875,10.1875
425,-0.6374512,-0.070617676,-0.63165283,6.234375,-18.296875,-0.09375
426,-0.93774414,0.07366943,-0.38482666,-1.984375,9.046875,-5.40625
427,-0.89868164,0.0040893555,-0.63360596,-26.671875,16.0625,-14.109375
428,-1.0476074,0.11956787,-0.16729736,-66.140625,-37.25,-8.484375
429,-1.1657715,0.27801514,-0.1795044,-4.015625,1.734375,-6.8125
430,-0.9526367,0.18621826,-0.24176025,37.109375,-3.484375,18.078125
431,-0.95214844,0.051940918,-0.32818604,25.8125,-27.5625,17.296875
432,-0.74365234,0.006286621,-0.4512329,12.4375,-10.71875,-1.34375
433,-0.904541,0.07904053,-0.39898682,8.984375,-0.671875,-3.1875
434,-0.95166016,0.101257324,-0.39190674,10.0,-2.171875,-2.390625
435,-1.0019531,0.12591553,-0.46588135,3.21875,-4.828125,-0.8125
436,-0.9291992,0.11004639,-0.43756104,-1.203125,-2.390625,-1.921875
437,-0.8840332,0.1149292,-0.45074463,-2.0,-2.265625,-1.609375
438,-0.8869629,0.121032715,-0.38604736,-0.4375,-3.5625,0.46875
439,-0.8886719,0.10296631,-0.3748169,1.078125,-0.671875,0.15625
440,-0.86499023,0.09906006,-0.40582275,2.9375,3.109375,-0.984375
441,-0.94921875,0.10809326,-0.44024658,-1.359375,0.03125,1.125
442,-0.9682617,0.10345459,-0.42242432,-1.09375,-1.390625,0.953125
443,-0.93359375,0.1149292,-0.41168213,1.5,-3.484375,1.109375
444,-0.89941406,0.11004639,-0.4356079,-1.953125,1.1875,-0.140625
445,-0.91186523,0.11029053,-0.42462158,-0.328125,-1.828125,0.890625
446,-0.90844727,0.105651855,-0.4446411,-1.84375,1.328125,1.3125
447,-0.9135742,0.09466553,-0.47076416,-4.015625,8.90625,1.03125
448,-0.89746094,0.0692749,-0.49835205,-6.765625,16.203125,-0.046875
449,-0.86816406,0.039733887,-0.6231079,-29.890625,-1.28125,6.40625
450,-0.7402344,0.038024902,-0.008361816,-7.640625,28.53125,-4.421875
451,-1.2270508,0.36297607,-0.50079346,-16.640625,4.09375,-8.96875
452,-0.970459,0.07513428,-0.1296997,8.28125,7.0625,3.9375
453,-1.0454102,0.1864624,-0.34698486,14.09375,-10.0,-0.578125
454,-0.75561523,-0.028381348,-0.34161377,4.203125,-12.5,3.140625
455,-0.93603516,0.08685303,-0.46514893,5.0625,-2.484375,-2.65625
456,-0.939209,0.086364746,-0.38189697,1.953125,0.46875,-3.734375
457,-0.95996094,0.08758545,-0.52789307,-5.0625,-2.734375,-1.484375
458,-0.8869629,0.1227417,-0.3567505,1.53125,13.34375,-0.8125
459,-1.1264648,0.17816162,-0.23834229,5.390625,6.65625,3.296875
460,-0.9399414,0.101745605,-0.29986572,2.375,-22.296875,11.59375
461,-0.90722656,0.06341553,-0.3591919,10.984375,-12.78125,5.109375
462,-0.8803711,0.061706543,-0.37945557,8.203125,-6.34375,1.078125
463,-0.92944336,0.08514404,-0.39874268,1.828125,-3.171875,-0.734375
464,-0.9460449,0.078063965,-0.43536377,-2.828125,3.34375,-0.421875
465,-0.88671875,0.08782959,-0.43951416,-7.296875,10.296875,-0.015625
466,-1.0014648,0.13934326,-0.24468994,-7.515625,9.859375,-4.171875
467,-0.97509766,0.12762451,-0.3430786,0.140625,-8.890625,4.71875
468,-0.95092773,0.07122803,-0.302063,4.0,-7.84375,6.3125
469,-0.89038086,0.062194824,-0.3381958,11.125,-15.109375,1.984375
470,-0.8762207,0.05731201,-0.395813,8.0,-14.25,-1.4375
471,-0.9152832,0.101745605,-0.34747314,10.3125,-8.671875,-3.890625
472,-0.96362305,0.12762451,-0.46002197,4.5,-10.25,-3.859375
473,-0.9362793,0.15057373,-0.4541626,4.34375,-5.03125,-2.5
474,-0.88720703,0.11981201,-0.48272705,3.578125,3.796875,0.21875
475,-0.91967773,0.12738037,-0.41607666,2.25,4.75,-0.1875
476,-0.9016113,0.11883545,-0.3789673,1.109375,4.46875,1.03125
477,-0.8769531,0.1005249,-0.3887329,0.15625,1.6875,0.09375
478,-0.91552734,0.11102295,-0.3731079,1.171875,-2.0,0.4375
479,-0.9140625,0.105163574,-0.41534424,0.375,-4.0625,0.0625
480,-0.9362793,0.124938965,-0.4192505,2.8125,-0.296875,-1.609375
481,-0.93530273,0.13568115,-0.45440674,0.921875,-0.484375,-0.46875
482,-0.91381836,0.12567139,-0.39190674,0.140625,-1.0,-0.4375
483,-0.9213867,0.13397217,-0.39434814,-0.375,-2.234375,-0.4375
484,-0.9086914,0.13690186,-0.42926025,-1.28125,-0.046875,0.109375
485,-0.9042969,0.1239624,-0.42437744,-1.125,-0.078125,0.21875
486,-0.9057617,0.12200928,-0.37750244,-1.203125,1.8125,0.5625
487,-0.9265137,0.12420654,-0.4607544,-2.203125,0.046875,0.71875
488,-0.8312988,0.03704834,-0.6174927,-13.359375,3.65625,-0.1875
489,-0.7602539,0.08734131,-0.43023682,-35.65625,15.625,2.15625
490,-1.1066895,0.1305542,-0.06011963,-24.5,4.65625,-17.203125
491,-0.97631836,0.21429443,-0.27227783,-3.25,6.0625,3.03125
492,-0.92407227,0.020446777,-0.38848877,8.203125,-12.859375,2.046875
493,-0.84887695,0.10638428,-0.30010986,5.59375,-12.015625,3.171875
494,-0.86279297,0.10321045,-0.38531494,4.140625,-16.015625,-0.109375
495,-0.90893555,0.09588623,-0.41119385,4.3125,-12.390625,0.8125
496,-0.9453125,0.117614746,-0.5027466,6.078125,-8.09375,-2.5
497,-0.8977051,0.105895996,-0.47955322,1.328125,-5.3125,-0.578125
498,-0.9277344,0.14422607,-0.46783447,1.515625,-1.265625,-0.109375
499,-0.8664551,0.105163574,-0.46368408,-2.046875,0.34375,0.28125
500,-0.8811035,0.10443115,-0.4277954,1.765625,-0.171875,-0.25
501,-0.87158203,0.093933105,-0.4199829,1.96875,-2.625,-0.5625
502,-0.8845215,0.12249756,-0.4133911,2.40625,-4.25,-0.65625
503,-0.8952637,0.12249756,-0.5161743,1.4375,-4.078125,0.515625
504,-0.9067383,0.12542725,-0.4673462,2.578125,-5.046875,0.421875
505,-0.9025879,0.12567139,-0.46051025,1.15625,-4.625,0.328125
506,-0.89941406,0.12835693,-0.47808838,0.0,-4.140625,0.125
507,-0.8864746,0.12738037,-0.48468018,-2.078125,-1.375,0.40625
508,-0.8742676,0.10443115,-0.473938,-8.375,3.34375,1.046875
509,-0.88500977,0.12884521,-0.44415283,-11.5625,6.484375,0.921875
510,-0.8918457,0.1083374,-0.4439087,-10.3125,-1.15625,2.546875
511,-0.8977051,0.09515381,-0.45074463,-7.390625,1.84375,0.203125
512,-0.91503906,0.10662842,-0.54278564,-3.765625,4.21875,-1.640625
513,-0.8659668,0.008483887,-0.66412354,-17.765625,17.578125,1.515625
514,-0.8371582,0.086120605,-0.3369751,-15.90625,22.859375,-3.90625
515,-0.99072266,0.15740967,-0.26983643,-6.515625,13.046875,-14.8125
516,-0.9797363,0.14959717,-0.22857666,8.96875,-4.953125,4.140625
517,-0.92822266,0.11077881,-0.4290161,6.453125,-13.1875,4.46875
518,-0.8703613,0.066589355,-0.36553955,5.65625,-10.0625,3.703125
519,-0.91748047,0.09124756,-0.43389893,4.96875,-12.40625,2.359375
520,-0.890625,0.061462402,-0.4446411,3.984375,-7.640625,0.28125
521,-0.92749023,0.10223389,-0.4512329,5.65625,-4.375,-1.59375
522,-0.90478516,0.11273193,-0.44830322,4.78125,-1.390625,-0.546875
523,-0.9008789,0.105651855,-0.45025635,0.890625,-1.0625,0.359375
524,-0.8901367,0.10809326,-0.44171143,0.625,1.40625,0.9375
525,-0.8894043,0.09466553,-0.41851807,1.53125,0.859375,0.328125
526,-0.91430664,0.121276855,-0.39483643,7.0,1.265625,0.21875
527,-0.9172363,0.11224365,-0.42462158,1.34375,-0.140625,-1.03125
528,-0.8815918,0.10638428,-0.45074463,2.15625,-2.953125,0.421875
529,-0.92944336,0.11956787,-0.47198486,-0.203125,-4.234375,0.828125
530,-0.9030762,0.109802246,-0.43829346,-1.09375,-0.03125,0.09375
531,-0.90527344,0.11956787,-0.4446411,-2.296875,1.0625,0.21875
532,-0.87841797,0.10003662,-0.43414307,-3.296875,1.03125,0.015625
533,-0.8918457,0.101745605,-0.42486572,0.4375,9.453125,-2.296875
534,-0.89990234,0.12835693,-0.364563,0.84375,4.609375,-0.859375
535,-0.9260254,0.11419678,-0.42510986,0.875,-0.734375,-0.09375
536,-0.9423828,0.11883545,-0.45391846,-0.84375,1.84375,0.234375
537,-0.86450195,0.0602417,-0.704895,-17.9375,6.203125,3.609375
538,-0.7487793,0.081726074,-0.36212158,-27.234375,0.9375,8.078125
539,-0.96533203,0.19818115,-0.08868408,-17.171875,10.671875,-16.9375
540,-1.0700684,0.20941162,-0.18951416,10.375,-1.859375,2.265625
541,-0.9782715,0.13079834,-0.32989502,17.03125,-13.90625,2.859375
542,-0.7453613,-0.0056762695,-0.5256958,3.75,-7.046875,5.546875
543,-0.86035156,0.061462402,-0.41827393,-1.140625,-1.03125,-1.3125
544,-0.9453125,0.10028076,-0.4055786,-2.625,-1.171875,-2.640625
545,-0.9926758,0.11029053,-0.4258423,-3.734375,-1.390625,0.0625
546,-0.9272461,0.105407715,-0.31451416,5.53125,-20.34375,2.734375
547,-0.87597656,0.12615967,-0.409729,12.875,-16.421875,0.578125
548,-0.86499023,0.06878662,-0.5237427,10.46875,-5.296875,0.296875
549,-0.89819336,0.09954834,-0.48150635,-0.015625,-0.03125,-0.671875
550,-0.9082031,0.09906006,-0.46051025,-4.96875,5.0,-0.5
551,-0.9057617,0.08734131,-0.5237427,-13.84375,10.15625,1.421875
552,-0.88623047,0.109558105,-0.2925415,-6.890625,3.125,2.578125
553,-0.9523926,0.121520996,-0.35333252,2.65625,2.34375,-1.484375
554,-0.9067383,0.109313965,-0.42633057,3.703125,-3.59375,1.6875
555,-0.9223633,0.09124756,-0.39605713,6.0,-5.8125,-0.203125
556,-0.90600586,0.09246826,-0.44073486,0.90625,-3.0625,0.328125
557,-0.9038086,0.10272217,-0.4036255,1.125,-5.484375,-0.1875
558,-0.91748047,0.11175537,-0.43536377,0.40625,-5.96875,-0.21875
559,-0.89404297,0.11785889,-0.41729736,1.296875,-3.6875,0.078125
560,-0.8725586,0.10736084,-0.46636963,2.765625,-1.78125,-0.109375
561,-0.9055176,0.11859131,-0.44049072,4.96875,0.0,-0.40625
562,-0.8881836,0.09564209,-0.4812622,2.015625,-2.390625,1.09375
563,-0.9123535,0.11541748,-0.4307251,0.46875,-1.65625,0.78125
564,-0.8835449,0.11053467,-0.45977783,-0.390625,-1.71875,1.09375
565,-0.90185547,0.10638428,-0.46832275,-1.359375,-1.1875,0.609375
566,-0.89453125,0.109313965,-0.4343872,-0.890625,2.859375,-0.296875
567,-0.91259766,0.09564209,-0.5545044,-4.09375,8.015625,-0.984375
568,-0.8601074,0.020690918,-0.68536377,-25.171875,19.296875,-1.9375
569,-0.8569336,0.07171631,-0.41046143,-23.78125,30.46875,-4.5
570,-1.1450195,0.3007202,0.10028076,-26.359375,3.640625,-14.140625
571,-1.0205078,0.15570068,-0.30255127,5.375,-0.78125,3.1875
572,-0.9284668,0.105651855,-0.33966064,11.296875,-15.0625,6.9375
573,-0.7895508,0.0006713867,-0.54644775,4.703125,-7.34375,1.5
574,-0.9003906,0.1005249,-0.39678955,-2.390625,4.578125,-4.0625
575,-0.84814453,-0.019104004,-0.6235962,-14.890625,12.6875,-8.34375
576,-1.1860352,0.32269287,0.016540527,-16.421875,-20.265625,-1.046875
577,-0.98583984,0.12860107,-0.4475708,17.03125,-0.890625,10.390625
578,-0.88500977,0.11859131,-0.33770752,11.859375,-16.9375,8.359375
579,-0.91503906,0.058532715,-0.50128174,3.84375,1.140625,-1.484375
580,-0.8659668,0.074401855,-0.38531494,-0.109375,3.28125,0.71875
581,-0.9316406,0.09979248,-0.47247314,-8.1875,2.84375,0.53125
582,-0.84277344,0.09442139,-0.49102783,-13.765625,0.546875,8.40625
583,-1.0437012,0.098083496,-0.28179932,0.078125,-4.65625,-0.890625
584,-0.9272461,0.055114746,-0.3796997,15.296875,-4.09375,1.96875
585,-0.95214844,0.10003662,-0.3711548,6.875,-17.78125,-0.921875
586,-0.8671875,0.06878662,-0.43218994,-2.921875,0.140625,-3.0
587,-0.86206055,0.074401855,-0.4319458,5.875,-9.828125,-3.140625
588,-0.920166,0.11883545,-0.4492798,1.234375,-8.0,-1.984375
589,-0.9008789,0.117370605,-0.49639893,6.1875,-1.234375,-0.421875
590,-0.9086914,0.10736084,-0.50494385,3.46875,0.546875,2.015625
591,-0.91503906,0.1161499,-0.4524536,4.21875,1.765625,1.453125
592,-0.88378906,0.09124756,-0.4517212,3.5,2.046875,1.421875
593,-0.8955078,0.098083496,-0.44903564,3.984375,-0.015625,0.265625
594,-0.88793945,0.093933105,-0.442688,2.296875,2.421875,0.328125
595,-0.8918457,0.09661865,-0.45880127,1.171875,0.21875,0.390625
596,-0.8959961,0.098083496,-0.45196533,1.0625,-3.140625,0.921875
597,-0.9086914,0.109802246,-0.48516846,-2.21875,4.0,0.046875
598,-0.8911133,0.07244873,-0.597229,-9.6875,15.921875,0.5
599,-0.814209,0.035339355,-0.45318604,-27.5,26.09375,3.078125
600,-1.0588379,0.09564209,-0.23028564,-20.5625,15.671875,-2.59375
601,-1.0241699,0.16107178,-0.32281494,2.4375,18.921875,-7.046875
602,-0.94433594,0.09857178,-0.38458252,10.453125,-8.515625,0.015625
603,-0.892334,0.0770874,-0.31427002,8.09375,-14.859375,3.484375
604,-0.84399414,0.04925537,-0.4348755,4.78125,-7.203125,0.90625
605,-0.92749023,0.07952881,-0.4151001,-2.75,4.375,-3.03125
606,-0.98413086,0.117126465,-0.37213135,-5.609375,5.734375,-5.421875
607,-1.0024414,0.1486206,-0.3723755,1.859375,-6.78125,0.96875
608,-0.91137695,0.062438965,-0.40338135,1.34375,-17.328125,5.78125
609,-0.85791016,0.09173584,-0.40338135,5.375,-5.96875,-0.859375
610,-0.8703613,0.066833496,-0.4451294,0.6875,-3.234375,-2.0625
611,-0.9230957,0.10858154,-0.3867798,-6.109375,8.015625,-0.65625
612,-1.0095215,0.13934326,-0.34014893,-5.5,1.515625,0.84375
613,-0.96899414,0.11004639,-0.37408447,1.0625,-14.65625,4.578125
614,-0.8815918,0.06341553,-0.40899658,1.859375,-7.921875,3.421875
615,-0.9050293,0.10784912,-0.3718872,7.328125,-10.84375,-0.859375
616,-0.8935547,0.0848999,-0.47613525,2.984375,-7.75,-1.734375
617,-0.8911133,0.08856201,-0.38116455,5.578125,-5.84375,-2.34375
618,-0.9140625,0.11834717,-0.4619751,5.6875,-2.09375,-2.40625
619,-0.8847656,0.11834717,-0.48272705,2.609375,-2.375,0.53125
620,-0.88964844,0.113708496,-0.42559814,0.5,0.734375,0.828125
621,-0.9316406,0.1227417,-0.44293213,1.890625,3.6875,-0.34375
622,-0.873291,0.1071167,-0.48394775,-0.421875,2.078125,-0.25
623,-0.87841797,0.10101318,-0.42730713,-0.09375,-1.609375,0.203125
624,-0.92163086,0.12786865,-0.3867798,2.625,-2.21875,1.140625
625,-0.9211426,0.11566162,-0.48516846,-1.359375,-0.515625,0.6875
626,-0.9050293,0.11566162,-0.4434204,1.265625,4.984375,1.953125
627,-0.9321289,0.12005615,-0.42437744,2.15625,16.21875,4.703125
628,-0.92993164,0.09515381,-0.46710205,-3.21875,12.203125,4.421875
629,-0.8730469,0.066101074,-0.43804932,-14.890625,19.453125,0.015625
630,-0.8635254,0.01361084,-0.38311768,-1.390625,35.4375,-2.484375
631,-1.0378418,0.16864014,-0.19903564,-40.546875,-12.8125,-8.390625
632,-1.1281738,0.30145264,-0.21099854,2.484375,5.515625,-1.53125
633,-0.94873047,0.105651855,-0.22589111,17.859375,-0.640625,5.96875
634,-0.9543457,0.10369873,-0.2510376,13.453125,-9.359375,-0.03125
635,-0.86743164,0.08856201,-0.38531494,8.3125,-16.8125,-1.96875
636,-0.89868164,0.08319092,-0.40826416,4.984375,-8.5,0.8125
637,-0.97021484,0.11834717,-0.40509033,5.875,-6.328125,-2.65625
638,-0.9614258,0.1329956,-0.40093994,4.25,-3.09375,0.3125
639,-0.9321289,0.11639404,-0.4277954,-2.53125,1.828125,-0.625
640,-0.91918945,0.11126709,-0.3809204,0.71875,-0.96875,0.4375
641,-0.8991699,0.09588623,-0.43878174,-0.59375,-3.8125,2.1875
642,-0.9020996,0.101989746,-0.38604736,-0.125,5.34375,-0.3125
643,-0.9350586,0.11517334,-0.3850708,-1.71875,5.046875,-0.25
644,-0.93847656,0.11883545,-0.3838501,-2.75,6.03125,-0.046875
645,-0.94506836,0.12786865,-0.3352661,1.84375,0.125,0.625
646,-0.9472656,0.11053467,-0.39630127,1.015625,-3.71875,1.609375
647,-0.9091797,0.08685303,-0.41558838,-2.859375,-1.828125,1.328125
648,-0.8730469,0.02947998,-0.5195923,-20.296875,6.28125,-3.046875
649,-0.6706543,-0.038146973,-0.46636963,-24.0,-8.296875,5.421875
650,-1.3049316,0.31732178,0.04071045,-22.796875,-10.21875,-16.53125
651,-1.0717773,0.21209717,-0.22076416,18.609375,2.84375,12.546875
652,-0.96362305,0.101501465,-0.31134033,21.609375,1.4375,2.921875
653,-0.74780273,-0.04815674,-0.51031494,0.625,-10.171875,-1.390625
654,-0.86279297,0.07562256,-0.38360596,7.0625,2.453125,-3.75
655,-0.9550781,0.13128662,-0.45489502,-3.25,1.25,-3.734375
656,-0.92700195,0.10882568,-0.4817505,-10.640625,3.125,-1.234375
657,-0.9572754,0.15472412,-0.20025635,11.921875,-15.421875,-0.578125
658,-0.89868164,0.14471436,-0.489563,7.3125,-19.203125,2.515625
659,-0.87939453,0.15106201,-0.34381104,14.796875,-8.9375,2.4375
660,-0.84277344,0.08660889,-0.48516846,4.25,-0.53125,-4.203125
661,-0.9165039,0.13885498,-0.49786377,-1.90625,-9.90625,-0.546875
662,-0.91137695,0.12640381,-0.4553833,-2.71875,-5.265625,-0.125
663,-0.89038086,0.13983154,-0.4578247,-3.109375,1.734375,0.75
664,-0.8845215,0.11981201,-0.44708252,-3.0625,0.328125,1.625
665,-0.89086914,0.12005615,-0.43756104,1.03125,-1.546875,0.828125
666,-0.8952637,0.124938965,-0.42218018,0.5625,-2.734375,0.0625
667,-0.8769531,0.11053467,-0.4602661,0.0625,-7.6875,0.46875
668,-0.9211426,0.12322998,-0.45318604,-3.75,-8.5625,1.5625
669,-0.88012695,0.12030029,-0.44830322,-2.40625,-8.359375,1.015625
670,-0.86865234,0.11590576,-0.48077393,-1.390625,-5.921875,0.40625
671,-0.85961914,0.11248779,-0.5071411,-0.109375,-1.765625,0.671875
672,-0.89282227,0.12176514,-0.48736572,1.71875,-1.96875,1.046875
673,-0.85375977,0.109558105,-0.5117798,-0.0625,0.09375,0.5
674,-0.87353516,0.10882568,-0.47686768,-0.875,7.3125,0.171875
675,-0.8808594,0.11175537,-0.4710083,-3.4375,3.875,0.40625
676,-0.8820801,0.11248779,-0.46392822,-3.953125,6.28125,0.890625
677,-0.90185547,0.113220215,-0.4373169,-2.234375,5.03125,1.03125
678,-0.9116211,0.105407715,-0.5540161,-3.140625,5.40625,0.625
679,-0.8864746,0.05218506,-0.5498657,-21.234375,6.515625,4.015625
680,-0.8239746,0.08709717,-0.40338135,-11.734375,36.609375,-7.828125
681,-1.0427246,0.1329956,-0.35357666,-20.03125,9.09375,-9.484375
682,-1.0019531,0.22088623,-0.21295166,3.5625,14.03125,-3.078125
683,-0.8930664,0.08050537,-0.3411255,-0.1875,-3.1875,1.90625
684,-0.8864746,0.050476074,-0.3201294,3.28125,-5.875,2.984375
685,-0.9086914,0.09320068,-0.33306885,6.59375,-9.171875,-1.53125
686,-0.9511719,0.08856201,-0.43804932,1.1875,-12.75,0.578125
687,-0.9597168,0.094177246,-0.40533447,4.0,-7.609375,-1.796875
688,-0.94384766,0.11102295,-0.4385376,4.0,-6.921875,-1.0625
689,-0.9104004,0.10784912,-0.43878174,0.40625,-6.65625,0.921875
690,-0.90893555,0.11444092,-0.4109497,-1.171875,-4.84375,2.0
691,-0.9074707,0.11273193,-0.39337158,1.421875,-3.28125,1.171875
692,-0.9133301,0.10369873,-0.42095947,3.015625,-2.6875,1.890625
693,-0.86279297,0.078308105,-0.44195557,5.625,-4.71875,0.984375
694,-0.8947754,0.11834717,-0.46295166,3.4375,-3.640625,0.875
695,-0.91064453,0.08026123,-0.49420166,0.953125,-2.4375,1.8125
696,-0.920166,0.09564209,-0.44830322,0.609375,-0.6875,0.75
697,-0.90478516,0.10101318,-0.44708252,0.109375,-0.078125,0.875
698,-0.89819336,0.101989746,-0.44366455,-1.125,1.0,0.859375
699,-0.89404297,0.085876465,-0.51885986,-5.0625,12.796875,0.28125
700,-0.8840332,0.093444824,-0.3550415,-5.890625,16.03125,1.8125
701,-0.92822266,0.08782959,-0.39337158,-9.328125,10.75,1.453125
702,-0.89453125,0.06781006,-0.4204712,-5.921875,6.859375,-1.046875
703,-0.88793945,0.0368042,-0.41851807,-15.203125,5.640625,-0.96875
704,-0.8310547,-0.016174316,-0.4265747,-13.125,22.796875,-10.0
705,-1.1469727,0.29315186,-0.0791626,-15.4375,-13.734375,-5.0625
706,-0.97387695,0.11468506,-0.3616333,-0.859375,-4.734375,2.1875
707,-0.92041016,0.058776855,-0.29766846,5.125,-8.34375,6.4375
708,-0.8586426,0.059753418,-0.35308838,12.0625,-13.859375,-2.640625
709,-0.92871094,0.089782715,-0.44659424,5.40625,-12.640625,-0.4375
710,-0.923584,0.09100342,-0.37554932,8.953125,-6.640625,-1.703125
711,-0.9716797,0.12908936,-0.42926025,6.625,-5.96875,-2.09375
712,-0.91015625,0.121520996,-0.45343018,2.953125,-2.984375,0.171875
713,-0.90478516,0.12225342,-0.4241333,4.140625,1.28125,-0.421875
714,-0.9116211,0.10491943,-0.40118408,3.390625,-3.25,1.234375
715,-0.91064453,0.109558105,-0.4133911,1.125,-1.40625,0.984375
716,-0.91430664,0.11053467,-0.4265747,0.0,-4.46875,1.609375
717,-0.8864746,0.097839355,-0.442688,-0.625,-2.953125,2.09375
718,-0.89038086,0.09466553,-0.42486572,1.078125,-2.078125,0.296875
719,-0.9160156,0.11395264,-0.43121338,2.53125,-1.859375,-0.90625
720,-0.9250488,0.11273193,-0.42510986,-0.0625,-2.09375,-0.015625
721,-0.90527344,0.1149292,-0.42437744,-0.6875,-2.0,0.328125
722,-0.90063477,0.12835693,-0.41241455,-0.40625,-1.453125,0.265625
723,-0.9082031,0.1149292,-0.45562744,-1.734375,-1.046875,0.171875
724,-0.90844727,0.11151123,-0.42877197,-1.25,2.234375,-0.078125
725,-0.9160156,0.12005615,-0.41607666,-0.984375,2.25,-0.5
726,-0.92456055,0.113708496,-0.4751587,-2.59375,5.265625,0.5
727,-0.8901367,0.066833496,-0.4961548,-3.84375,10.125,-0.578125
728,-0.8913574,0.032165527,-0.72491455,-23.546875,27.375,1.140625
729,-0.67944336,0.0028686523,-0.047424316,-22.359375,-14.0625,10.625
730,-1.2841797,0.42938232,-0.4385376,0.53125,4.421875,-14.328125
731,-1.0056152,0.14129639,-0.22589111,13.59375,1.265625,10.453125
732,-0.90649414,0.10443115,-0.30010986,17.703125,-9.15625,6.203125
733,-0.83569336,0.06121826,-0.489563,8.4375,-4.21875,-2.015625
734,-0.87109375,0.08734131,-0.4031372,1.09375,8.125,-3.265625
735,-0.9526367,0.07122803,-0.46466064,-4.6875,3.984375,-3.140625
736,-1.0854492,0.16864014,-0.2300415,-1.28125,1.71875,1.734375
737,-0.94018555,0.005065918,-0.4368286,11.6875,-10.796875,7.59375
738,-0.90649414,0.08319092,-0.34454346,11.765625,-10.6875,3.765625
739,-0.8613281,0.06097412,-0.44732666,5.578125,-7.328125,-3.453125
740,-0.8803711,0.09466553,-0.41705322,-0.4375,7.328125,-6.015625
741,-0.9379883,0.13226318,-0.39190674,0.28125,0.3125,-3.359375
742,-0.9248047,0.12176514,-0.47784424,2.28125,1.671875,4.171875
743,-1.1623535,0.078063965,-0.13995361,9.359375,-2.234375,15.28125
744,-0.953125,0.101989746,-0.42340088,3.875,-10.8125,3.046875
745,-0.92211914,0.09881592,-0.37408447,3.8125,-7.78125,0.9375
746,-0.8671875,0.07513428,-0.46661377,-2.140625,-9.25,-5.265625
747,-0.9069824,0.11248779,-0.43463135,-3.296875,-4.34375,-4.375
748,-0.92822266,0.11785889,-0.38531494,-8.796875,-2.8125,-4.375
749,-0.9135742,0.112976074,-0.43341064,-7.0,-9.421875,-0.359375
750,-0.8781738,0.10687256,-0.4644165,1.265625,-7.125,-1.71875
